題目,朝代,作者,內容
國人諺,遼,無名氏,五個翁翁四百歲，南面北面頓瞌睡。自己精神管不得，有甚心情管女真。
題李儼《黃菊賦》,遼,耶律洪基,昨日得卿《黃菊賦》，碎剪金英填作句。袖中猶覺有餘香，冷落西風吹不去。
傳國璽,遼,耶律隆緒,一時制美寶，幹載助興王。中原既失守，此寶歸北方。子孫皆宜守，世業當永昌。
伏虎林應制,遼,蕭觀音,威風萬里壓南邦，東去能翻鴨綠江。靈怪大千俱破膽，那教猛虎不投降。
懷古,遼,蕭觀音,宮中只數趙家妝，敗雨殘雲誤漢王。惟有知情一片月，曾窺飛燕入昭陽。
迴心院,遼,蕭觀音,掃深殿，閉久金鋪暗。遊絲絡網塵作堆，積歲青苔厚階面。掃深殿，待君宴。
迴心院,遼,蕭觀音,換香枕，一半無雲錦。爲是秋來展轉多，更有雙雙淚痕滲。換香枕，待君寢。
迴心院,遼,蕭觀音,剔銀燈，須知一樣明。偏是君來生彩暈，對妾故作青熒熒。剔銀燈，待君行。
迴心院,遼,蕭觀音,拂象牀，憑夢借高唐。敲壞半邊知妾臥，恰當天處少輝光。拂象牀，待君王。
迴心院,遼,蕭觀音,鋪翠被，羞殺鴛鴦對。猶憶當時叫合歡，而今獨覆相思塊。鋪翠被，待君睡。
迴心院,遼,蕭觀音,裝繡帳，金鉤未敢上。解卻四角夜光珠，不教照見愁模樣。裝繡帳，待君貺。
迴心院,遼,蕭觀音,張鳴箏，恰恰語嬌鶯。一從彈作房中曲，常和窗前風雨聲。張鳴箏，待君聽。
迴心院,遼,蕭觀音,展瑤席，花笑三韓碧。笑妾新鋪玉一牀，從來婦歡不終夕。展瑤席，待君息。
迴心院,遼,蕭觀音,疊錦茵，重重空自陳。只願身當白玉體，不願伊當薄命人。疊錦茵，待君臨。
迴心院,遼,蕭觀音,爇薰爐，能將孤悶蘇。若道妾身多穢賤，自沾御香香徹膚。爇薰爐，待君娛。
諷諫歌,遼,蕭瑟瑟,勿嗟塞上兮暗紅塵，勿傷多難兮畏夷人；不如塞奸邪之路兮，選取賢臣。直須臥薪嚐膽兮，激壯士之捐身，可以朝清漠北兮，夕枕燕雲。
詠史,遼,蕭瑟瑟,丞相來朝兮劍佩鳴，幹官側目兮寂無聲。養成外患兮磋何及，禍盡忠臣兮罰不明。親戚並居兮藩屏位，私門潛畜兮爪牙兵。可憐往代兮秦天子，猶向宮中兮望太平。
以司空大師不肯賦詩以詩挑之,遼,耶律宗真,爲避綺吟不肯吟，既吟何必昧真心。吾師如此過形外，弟子爭能識淺深。
和《以司空大師不肯賦詩以詩挑之》詩二首 其一,遼,沙門郎思孝,爲愧荒疏不敢吟，不吟恐忤帝王心。本吟出世不吟意，以此來批見過深。
和《以司空大師不肯賦詩以詩挑之》詩二首 其二,遼,沙門郎思孝,天子天才已善吟，那堪二相更同心。直饒萬國猶難敵，一智寧當三智深。
天安節題松鶴圖,遼,沙門郎思孝,千載鶴棲萬歲鬆，霜翎一點碧枝中。四時有變此無變，願與吾皇聖壽同。
和《以司空大師不肯賦詩以詩挑之》詩二首,遼,沙門郎思孝,爲愧荒疏不敢吟，不吟恐忤帝王心。本吟出世不吟意，以此來批見過深。天子天才已善吟，那堪二相更同心。直饒萬國猶難敵，一智寧當三智深。
