題目,朝代,作者,內容
雜詩二首 其一,宋末金初,王予可,白露沙灘浸綠湄，小舟艤岸尚依稀。山回屏曲江連樹，春鎖人家深處歸。
馴鶴圖,宋末金初,王予可,寢處妝鉛未捲釵，孤雲花帶月邊來。六宮簾幕金鸞冷，露溼晨煙啄翠苔。
南園湖石,宋末金初,王予可,翠雀銜雲墮翠蕪，砥峯倒影臥平湖。飛花不到穿簾月，高倚晴天一劍孤。
宮體 其二,宋末金初,王予可,驕馬金籠藉草歸，翠鸞屏曲染紅霏。憑欄山色春風裏，喚得鶯兒燕子飛。
宮體 其一,宋末金初,王予可,紅葉鋪霜撼御階，繡蓮塵蹴襯羅鞋。袖沾鶯翅調簧語，墮卻銜翹入鬢釵。
宮詞,宋末金初,王予可,水曲朱門漪漾漫，一簾花雨月波寒。金閨背襯鴛鴦冷，春困鞦韆立畫幹。
題靈隱寺,宋末金初,王予可,遊山無處浣塵埃，出郭尋幽入翠苔。衆水盡從雙澗去，一峯元自五天來。行春人散題名在，坐夏僧閒聽講回。清磬一聲猿鳥寂，石楠花落滿經臺。
句 其十二,宋末金初,王予可,鳳環捧席帶香屏，鯨杯倚伎和雲捲。
句 其三,宋末金初,王予可,一壺天地醒眠小。
句 其六,宋末金初,王予可,唾尖絨舌淡紅甜。
句 其十,宋末金初,王予可,簾捲綠陰花外月，玉山冰雪醉扶翁。
句 其二,宋末金初,王予可,壺樹苔波月漬皴。
句 其一,宋末金初,王予可,石裂雯華漬月秋。
句 其五,宋末金初,王予可,風色偃貂裘。
句 其十一,宋末金初,王予可,啼鳥倒銜金羽舞，驚蛇斜傍玉簾飛。
句 其七,宋末金初,王予可,金盆水不暖，翠雀啄晴苔。
句 其八,宋末金初,王予可,鳳蹴瑤華散，龍銜桂子香。
句 其九,宋末金初,王予可,一片冷截潭底月，六彎斜卷隴頭雲。
過白溝趁順安,宋末金初,劉著,萬折狂瀾肯倒流，歸心夢寐在東周。平生快意君知否，今日驅車過白溝。
伯堅惠新茶綠橘香味鬱然便如一到江湖之上戲作小詩二首 其二,宋末金初,劉著,黃苞猶帶洞庭霜，翠袖傳看綠葉香。何待封題三百顆，只今詩思滿江鄉。
伯堅惠新茶綠橘香味鬱然便如一到江湖之上戲作小詩二首 其一,宋末金初,劉著,建溪玉餅號無雙，雙井爲奴日鑄降。忽聽松風翻蟹眼，卻疑春雪落寒江。
送客亭,宋末金初,劉著,十年羈旅鬢成絲，千里淮山信息稀。送盡長亭短亭客，且看莊舄幾時歸。
閨情二絕 其二,宋末金初,劉著,蕙帳金爐冷篆煙，故山春草幾芊芊。只今唯有瀟湘月，萬里相隨照不眠。
閨情二絕 其一,宋末金初,劉著,天邊北斗又回春，愁絕龍沙任酒醺。萬里巫山歸夢斷，不知何處覓行雲。
順安辭呈趙使君二首 其二,宋末金初,劉著,六朝興廢渡河年，舊國歸來更黯然。八月邊城山未雪，蘆花籍藉已漫天。
順安辭呈趙使君二首 其一,宋末金初,劉著,太平時世屢豐年，勝事空聞父老傳。郭外桑麻知幾頃，船頭魚蟹不論錢。
病中寄楚卿,宋末金初,劉著,月滿江樓午夜鍾，多情多病一衰翁。行雲不道無行雨，只恐相逢是夢中。
文季侍郎得綠萼香梅子文待制有詩輒亦同賦,宋末金初,劉著,一枝綠萼冠羣芳，瀟灑猶疑楚岸傍。香骨瘦來冰蕊細，夢魂清處月波涼。賡酬便合成千首，醒醉寧須計百觴。橫玉叫雲吹不盡，只教今古洗離腸。
出榆關,宋末金初,劉著,羽檄中原滿，萍流四海間。少時過桂嶺，壯歲出榆關。奇禍心如折，羈愁鬢已斑。楚累千萬億，知有幾人還。
再和彥高,宋末金初,劉著,否泰由來在歲星，誰聽叩角作商聲。一朝漢魏成今古，百口燕秦隔死生。雉堞僅能逃病婦，雁書猶記作團兄。雪雲埋盡遼西路，有酒如淮奈此情。
次韻王子慎玉田道中一首兼呈韓公美閣老,宋末金初,劉著,東晉風流屬子猷，開元峭直讓韓休。絲綸對掌驚三雋，尊酒更酬失四愁。古道陰陰槐樹老，歸鴻杳杳荻花秋。浩然詩思天涯遠，月滿江南小謝樓。
次韻彥高暮春書事,宋末金初,劉著,平生漫浪老清暉，卻掃丘園屬少微。世亂傷心青眼舊，天涯流淚白雲飛。羈愁只憶中山酒，貧病長懸子夏衣。澤畔行吟誰念我，祗應形影自相依。
至日,宋末金初,劉著,亂離南國忽經年，一線愁添未死前。心折靈臺候雲物，眼看東海變桑田。燕巢幕上終非計，雉畜樊中政可憐。安得絕雲行九萬，卻騎鯨背上青天。
枕上言懷,宋末金初,劉著,九土將分裂，中原政擾攘。孰爲真漢相，卻憶假齊王。晉室遷神鼎，梁園作戰場。可憐羈客夢，夜夜在家鄉。
病中言懷呈韓給事,宋末金初,劉著,潦倒淮山客，金臺五見秋。退飛嗟宋鷁，畏暑甚吳牛。問疾憐摩詰，分曹類子猷。自慚無補報，只合隱林丘。
寄題張浩然鬆雪樓,宋末金初,劉著,入座山光秀玉柯，岸巾絕景意如何。瘦來豈爲寒鬆句，和寡還驚白雪歌。地近雲煙來鶴駕，檐高星斗瀉銀河。懸知老子登臨處，渺渺滄波月色多。
渡遼,宋末金初,劉著,身隔遼東渡，心懷冀北羣。會歸蘇屬國，卻憶範將軍。風陳橫秋雁，雷聲吼夜蚊。方言莫相笑，唐梵本殊分。
次韻彥高即事,宋末金初,劉著,福威看九落，筆削在麟經。中道亡三鑑，危時憶九齡。網羅無處避，鼙鼓不堪聽。身遠遼陽渡，心懷峴首亭。脫巾頭半白，傾蓋眼誰青。斷雁西風急，潸然涕泗零。
次韻彥高佔雪,宋末金初,劉著,天秋鼓南風，雲海飄暮雪。三春猶冱寒，九夏那苦熱。土圭測中氣，嘗聞先儒說。窮髮多異宜，泥古誠亦拙。吳侯擅六藝，名宦端不屑。晚歲登泰山，蚤已探禹穴。千歲可坐致，不待數旬月。重陰畏坎陷，五陽欣夬決。君子方履霜，渠肯蹈覆轍。雞豬與魚蒜，幸可充朝啜。
題御城寺壁,宋末金初,劉著,一徑埋雲草樹荒，石麟蒼蘚臥田桑。漢家陵闕今何在，洛水嵩山滿夕陽。
虜中作三首 其二,宋末金初,宇文虛中,遙夜沈沈滿幕霜，有時歸夢到家鄉。傳聞已筑西河館，自許能肥北海羊。回首兩朝俱草莽，馳心萬里絕農桑。人生一死渾閒事，裂眥穿胸不汝忘。
中運使寄酒清明日到以詩謝之,宋末金初,張孝純,芳樽到日恰清明，似與嘉辰默計程。擬助林園延勝賞，肯容桃李落繁英。老來官爵渾無味，閒裏杯盤卻有情。見說使車臨岱麓，倘能相過共飛觥。
挽張叔夜二首 其二,宋末金初,張孝純,季世遭奇禍，煩冤痛可論。交情傷死別，親屬慟遺言。空想還家夢，難招去國魂。一朝成萬古，斜日下平原。
挽張叔夜二首 其一,宋末金初,張孝純,疇昔中朝士，簪紳仰令名。恩威彰輔郡，忠孝衛都城。許國志何壯，爲山功莫成。西風故林道，蕭瑟感秋聲。
盧臺峭帆亭,宋末金初,張斛,高秋客未還，何處望鄉關。喬木蒼煙外，孤亭落照間。雨晴山覺近，潮滿水如閒。目斷峒陽路，歸雲不可攀。
無題,宋末金初,施宜生,唱得新翻穩貼腔，阿誰能得肯雙雙。天寧寺裏尊前月，分擘清寒入小窗。
平陽書事,宋末金初,施宜生,春寒窣窣透春衣，沿路看花緩轡歸。穿過水雲深密處，馬前蝴蝶作團飛。
柳,宋末金初,施宜生,魏王堤暗雨垂垂，還似春殘欲別時。傳語西風且停待，黛殘黃淺不禁吹。
盆池,宋末金初,施宜生,盆池瀲灩蔭芭蕉，點水圓荷未出條。分得江湖好風景，斷雲飛去晚蕭蕭。
題將臺,宋末金初,施宜生,梅花摘索未全開，老倦無心上將臺。人在江南望江北，徵鴻時送客愁來。
社日 其二,宋末金初,施宜生,割少詼諧語，分均宰制功。靈祇依古樹，醉叟泥村童。萬里開耕稼，三時順雨風。行春從此樂，著意酒杯中。
詩一首,宋末金初,施宜生,久坐鄉關夢已迷，歸來投宿舊沙溪。一天風雨龍移穴，半夜林巒鳥擇棲。賣菜無人求好語，種瓜何地不成畦。男兒未老中原在，寄語鵾雞莫浪啼。
感春,宋末金初,施宜生,感事傷懷誰得知，故園閒日自暉暉。江南地暖先花發，塞北天寒遲雁歸。夢裏江河依舊是，眼前阡陌似疑非。無愁只有雙蝴蝶，解趁殘紅作陣飛。
感錢王戰臺,宋末金初,施宜生,層層樓閣捧昭回，元是錢王舊戰臺。山色不隨興廢去，水聲長逐古今來。年光似月生還沒，世事如花落又開。多少英雄無處問，夕陽行客自徘徊。
贈明道人,宋末金初,施宜生,休論道骨與仙風，自許平生義與忠。千古已嘗窺治亂，一身何足計窮通。仰天但覺心如鐵，覽鏡猶欣發未蓬。塵世紛紛千百輩，只君雙眼識英雄。
題壁,宋末金初,施宜生,君子雖窮道不窮，人生自古有飄蓬。文章筆下千堆錦，志氣胸中萬丈虹。大抵養龍鬚是海，算來棲鳳莫非桐。山東宰相關西將，俯仰懷賢倚暮風。
山谷草書,宋末金初,施宜生,行所當行止當止，錯亂中間有條理。意溢毫搖手不知，心自書空不書紙。
嚴子陵釣臺,宋末金初,施宜生,懸崖斷壑少人蹤，只合先生臥此中。漢業已無一抔土，釣臺今是幾秋風。同學劉郎已冕旒，未應換與此羊裘。子云到老不曉事，不信人間有許由。
含笑花,宋末金初,施宜生,百步清香透玉肌，滿堂和氣自心知。褰帷跛客相迎處，射雉春風得意時。
句 其一,宋末金初,施宜生,只因未有良媒在，直到如今萬萬秋。
句 其三,宋末金初,施宜生,臨池翕忽雲霧集，舞劍浩蕩波濤翻。
句 其二,宋末金初,施宜生,朱門處處臨官道，流水年年繞禁宮。
聞雁,宋末金初,劉著,千里寒雲卷朔風，當軒月午雁書空。煩君爲報江南客，憔悴遼東更向東。
月夜汎舟,宋末金初,劉著,浮世渾如出岫雲，南朝詞客北朝臣。傳郵擾擾無虛日，吏俗區區老卻人。入眼青山看不厭，傍船白鷺自相親。舉杯更欲邀明月，暫向堯封作逸民。
春日,宋末金初,宇文虛中,北洹春事休嗟晚，三月尚寒花信風。遙憶東吳此時節，滿江鴨綠弄殘紅。
和高子文秋興二首 其一,宋末金初,宇文虛中,沙碧平猶漲，霜紅粉已多。駒年驚過隙，鳧影倦隨波。散步雙扶老，棲身一養和。羞看使者節，甘荷牧人蓑。
和高子文秋興二首 其二,宋末金初,宇文虛中,搖落山城莫，棲遲客館幽。葵衰前日雨，菊老異鄉秋。自信浮沈數，仍懷顧望愁。蜀江歸棹在，浩蕩逐春鷗。
迎春樂 立春,宋末金初,宇文虛中,寶幡綵勝堆金縷。雙燕釵頭舞。人間要識春來處。天際雁，江邊樹。故國鶯花又誰主。念憔悴、幾年羈旅。把酒祝東風，吹取人歸去。
題宗之家初序瀟湘圖,宋末金初,吳激,江南春水碧於酒，客子往來船是家。忽見畫圖疑是夢，而今鞍馬老風沙。
同兒曹賦蘆花,宋末金初,吳激,天接蒼蒼渚，江涵嫋嫋花。秋聲風似雨，夜色月如沙。澤國幾千裏，漁村三兩家。翻思杏園路，鞭嫋帽檐斜。
早春,宋末金初,吳激,寂寂重寂寂，出門春草齊。晚芳猶著樹，江漲欲平溪。山暝有時雨，村深何處雞。遠山緣底恨，故作傍人低。
晚春言懷寄燕中知舊,宋末金初,吳激,閒雲泄泄日暉暉，林斧溪舂響翠微。天氣乍晴花滿樹，人家久住燕雙飛。鄰村社後容借酒，客舍新來未綻衣。遙憶東郊亭畔柳，歸時相見亦依依。
人月圓 宴北人張侍御家有感,宋末金初,吳激,南朝千古傷心事，猶唱後庭花。舊時王謝，堂前燕子，飛向誰家。恍然一夢，仙肌勝雪，宮髻堆鴉。江州司馬，青衫淚溼，同是天涯。
訴衷情,宋末金初,吳激,夜寒茅店不成眠。殘月照吟鞭。黃花細雨時候，催上渡頭船。鷗似雪，水如天。憶當年。到家應是，童稚牽衣，笑我華顛。
將渡江,宋末金初,張斛,無數飛花委路塵，不堪重醉楚城春。明朝回首江南岸，煙雨昏昏不見人。
南京遇馬丈朝美,宋末金初,張斛,浮雲久與故山違，茅棟如存尚可依。行路相逢初似夢，舊遊重到復疑非。滄江萬里悲南渡，白髮幾人能北歸。二十年前河上月，尊前還共惜清輝。
海邊亭爲浩然賦,宋末金初,張斛,夙有滄洲趣，雲扃夢幾回。臨深疑地盡，望遠覺天開。月涌冰輪出，濤翻雪陣來。無機同海客，鷗鳥莫相猜。
社日 其一,宋末金初,施宜生,濁澗回湍激，青煙弄晚暉。緣隨春酒熟，分與故山違。社鼓喧林莽，孤城隱翠微。山花羞未發，燕子喜先歸。
題平沙落雁屏景,宋末金初,施宜生,江南江北八九月，葭蘆伐盡洲渚闊。欲下未下風悠揚，影落寒潭三兩行。天涯是處有菰米，如何偏愛來瀟湘。
小重山 予可自解?霜脂粉也,宋末金初,王予可,寶榭簾鉤捲月窗。縷衣金樣褪、汎餘香。卿卿榮耀寵恩光。三竿日、顰翠楚山長。螺髻戛浮觴。鳳奩塵瑩恨、浥?霜。賣珠樓外串離腸。春殘夢、今夜擬高唐。
長相思,宋末金初,王予可,風暖時。雨晴時。薰褶羅衣人未歸。螓蛾愁欲飛。枕瓊霞。瑣窗紗。簾月樓空燕子家。春風埽落花。
生查子,宋末金初,王予可,夜色明河靜，好風來千里。水殿謫仙人，皓齒清歌起。前聲金斝中，後聲銀河底。一夜嶺頭雲，繞遍樓前水。
念奴嬌,宋末金初,宇文虛中,疏眉秀目。看來依舊是，宣和妝束。飛步盈盈姿媚巧，舉世知非凡俗。宋室宗姬，秦王幼女，曾嫁欽慈族。干戈浩蕩，事隨天地翻覆。一笑邂逅相逢，勸人滿飲，旋旋吹橫竹。流落天涯俱是客，何必平生相熟。舊日黃華，如今憔悴，付與杯中醁。興亡休問，爲伊且盡船玉。
木蘭花慢 中秋,宋末金初,吳激,敞千門萬戶，瞰滄海、爛銀盤。對沆瀣樓高，儲胥雁過，墜露生寒。闌干。眺河漢外，送浮雲、盡出衆星乾。丹桂霓裳縹緲，似聞雜佩珊珊。長安底處高城，人不見，路漫漫。嘆舊日心情，如今容鬢，瘦沈愁潘。幽歡。縱容易得，數佳期、動是隔年看。歸去江湖一葉，浩然對影垂竿。
風流子,宋末金初,吳激,書劍憶遊樑。當時事、底處不堪傷。蘭楫嫩漪，向吳南浦，杏花微雨，窺宋東牆鳳。城外燕隨青步障，絲惹紫遊繮。曲水古今，禁菸前後，莫雲樓閣，春草池塘。回首斷迴腸，年芳但如霧，鏡發成霜。獨有蟻尊陶寫，蝶夢悠颺。聽出塞琵琶，風沙淅瀝，寄書鴻雁，煙月微茫。不似海門潮信，能到潯陽。
春從天上來 會寧府遇老姬善鼓瑟自言梨園舊籍因感而賦此,宋末金初,吳激,海角飄零。嘆漢苑秦宮，墜露飛螢。夢迴天上，金屋銀屏。歌吹競舉青冥。問當時遺譜，有絕藝、鼓瑟湘靈。促哀彈，似林鶯嚦嚦，山溜泠泠。梨園太平樂府，醉幾度春風，鬢變星星。舞破中原，塵飛滄海，風雪萬里龍庭。寫胡笳幽怨，人憔悴、不似丹青。酒微醒。對一窗涼月，燈火青熒。
滿庭芳,宋末金初,吳激,千里傷春，江南三月，故人何處汀州。滿簪華髮，花鳥莫深愁。烽火年年未了，清宵夢，定繞林丘。君知否，人間得喪，一笑付文楸。幽州。山偃蹇，孤雲何事，飛去還留。問來今往古，誰不悠悠。怪底眉間好色，燈花報、消息刀頭。看看是，珠簾暮卷，天際識歸舟。
滿庭芳,宋末金初,吳激,誰挽銀河，青冥都洗，故教獨步蒼蟾。露華仙掌，清淚向人沾。畫棟秋風嫋嫋，飄桂子、時入疏簾。冰壺裏，雲衣霧鬢，掬水弄春纖。厭厭成勝賞，銀槃撥汞，寶鑑披奩。待不放，楸梧影轉西檐。坐上淋漓醉墨，人人看、老子掀髯。明年會，清光未減，白髮也休添。
滿庭芳,宋末金初,吳激,射虎將軍，釣鰲公子，騎鯨天上仙人。少年豪氣，買斷杏園春。海內文章第一，屬車從、九九清塵。相逢地，歲雲暮矣，何事又參辰。沾巾。雲雪暗，三韓底是，方丈之濱。要遠人都識，物外精神。養就經綸器業，結來看、開闔平津。應憐我，家山萬里，老作北朝臣。
滿庭芳 寄友人,宋末金初,吳激,柳引青煙，花傾紅雨，老來怕見清明。欲行還住，天氣弄陰晴。是處吹簫巷陌，衫襟漬、春酒如餳。溪橋畔，涓涓流水，雞犬靜柴荊。高城。天共遠，山遮望斷，草喚愁生。等五湖煙景，今有誰爭。悽斷湘靈鼓瑟，寫不盡、楚客多情。空惆悵，春閨夢短，斜月曉聞鶯。
瑞鶴仙 寄友人,宋末金初,吳激,曉溪煙曳縷。乍潤入芳草，東風吹雨。桃花破冰渚。看葡萄東漲，孤舟掀舞。沿吳溯楚。記孤煙、相對夜語。到而今醉裏，聽打小窗，夢隨雙櫓。羈旅餘生飄蕩，地角天涯，故人何許。離腸最苦。思君意，渺南浦。會收身卻向，小山叢桂，重尋林下舊侶。把千巖萬壑雲霞，暮年佔取。
無餘居士齋壁有沈傳師遊道山嶽麓詩石刻穆仲等和之因亦次韻,宋末金初,司馬樸,湘西勝景豈易論，羣山騰闖萬里奔。鶴泉一麓騫鵬噣，松風十里藏祇園。當時侍御偶題寫，筆力孰敢爭雄尊。東京少年妙詞藻，南陽舊族齊陰樊。天心月脅出奇語，使我展讀忘朝昏。差差戈劍隱一敵，落落旗鼓嚴千屯。無餘居士厲幽志，細研六藝方專門。凍骭嬌兒慣腸莧，啼飢瘦婦餘淚痕。惟君德義允相愜，每窮道妙角與根。他人勸酒驚逐魂，二子頻酌勤空樽。醉中詩成渺江海，風外幡影徒飛翻。卷藏篋笥已戢戢，風生襟袖何軒軒。嗟乎我亦有餘腐，陋哉羊政囚華元。
句,宋末金初,司馬樸,積雪日出杲，雪飛梅已殘。朋遊要及時，閣鄰有遐觀。乘此蕪穢平，快覽天宇寬。霽色混銀界，曠望連江干。山如白毫相，滉溢清揚端。一氣轉浩渺，萬里皆瀰漫。優哉賦樑苑，想像排廣寒。
雜詩六首 其一,宋末金初,劉豫,竹塢人家瀕小溪，數枝紅杏出疏籬。門前山色帶煙重，幽鳥一聲春日遲。
雜詩六首 其二,宋末金初,劉豫,風荷柄柄弄清香，輕薄沙禽落又翔。紅日轉西漁艇散，一川山影暮天涼。
雜詩六首 其三,宋末金初,劉豫,古渡停驂日向沈，淒涼歸思梗清吟。碧山幾點塞天闊，紅葉一林秋意深。
雜詩六首 其四,宋末金初,劉豫,倚巖蕭寺據危崖，丈室軒窗面水開。雪霽暮寒山月上，數竿修竹一枝梅。
雜詩六首 其五,宋末金初,劉豫,晝色晴明著色圖，山光凝翠接平湖。煙嵐自古人難畫，遠即深深近卻無。
雜詩六首 其六,宋末金初,劉豫,寒林煙重暝棲鴉，遠寺疏鍾送落霞。無限嶺雲遮不斷，數聲和月到山家。
客館,宋末金初,劉豫,雪消北嶺安排暖，寒入東風阻節春。絕塞亂山圍古驛，他時說著也愁人。
登蘇門山百泉,宋末金初,劉豫,太行雄偉赤霄逼，枝分蘇門爲肘腋。孕奇產秀氣蟠鬱，涌作琉璃千頃碧。初疑驪龍蟄山趾，仰噴明珠飛的皪。忽如湘靈理新妝，大鑒開匣乍磨拭。峯巒倒影浸雲煙，蘋藻照沙改顏色。相輝一段佳風月，餘澤幾州及動植。昔聞隱淪有仙人，高標清與溪山敵。悠悠往事散浮雲，嘯有遺屋行有跡。我居東秦濟水南，無限泉池日親炙。一行作吏別經年，情思塵埃何處滌。雲祠因禱來憑欄，頓爽骨毛快胸臆。飄飄蘭舟七八客，尊俎笙簫隨分入。勝概紛並接不暇，恨乏魯戈延晷刻。歸來簿領厭沉迷，春睡每着蝶夢適。心約他時杖履遊，醉漱溪流枕溪石。
虜中作三首 其一,宋末金初,宇文虛中,滿腹詩書漫古今，頻年流落易傷心。南冠終日囚車府，北雁何時到上林。開口摧頹空抱璞，脅肩奔走尚腰金。莫邪利劍今安在，不斬奸邪恨最深。
虜中作三首 其三,宋末金初,宇文虛中,不堪垂老尚蹉跎，有口無辭可奈何。強食小兒猶解事，學妝嬌女最憐他。故衾愧見沾秋雨，短褐寧忘拆海波。倚仗循環如可待，未愁來日苦無多。
鄭下趙光道與餘有十五年家世之舊守官代郡之崞縣聞餘以使事羈留平城與諸公相從皆一時英彥遂以應舉自免去駕短轅下澤車驅一僮二驢扶病以來相聚凡旬日而歸昔白樂天與元微之偶相遇於夷陵峽口既而作詩敘別雖憔悴哀傷感念存沒至嘆泣不能自已而終篇之意蓋亦自開慰況吾輩今日可無片言以識一時之事邪因各題數句而餘爲之敘夜將半各有酒所語不復鍛鍊要之皆肺腑中流出也,宋末金初,宇文虛中,窮愁詩滿篋，孤憤氣填胸。脫身枳棘下，顧我雪窖中。竟日朋盍簪，論文一樽同。翻然南飛燕，卻背北歸鴻。人生悲與樂，倚伏如張弓。莫言竟憒憒，作書怨天公。
古劍行,宋末金初,宇文虛中,公家祖皇提三尺，素靈中斷開王跡。自從武庫衝屋飛，化作文星照東壁。夫君安得此龍泉，秋水湛湛浮青天。夔魖奔喘禺強護，中夜躍出光蜿蜒。拄頤櫑具男兒飾，彈鋏長歌氣填臆。嶙峋折檻霽天威，將軍拜伏奸臣泣。龍泉爾莫矜雄鋩，不見鳥盡良弓藏。會當鑄汝爲農器，一劍不如書數行。
白菊,宋末金初,宇文虛中,西風蕭颯百草黃，南齋白菊佔秋芳。主人好事不專饗，擷送客館分幽香。幽香清豔兩難得，冰雪肌膚龍麝裛。悄然坐我蕊珠宮，玉斧瑤姬皆舊識。仙家蓻菊名日精，我今號爾爲月英。月中風露秋夕好，感此仙種來曾城。憑君傳與金天令，月與霜姿駐清景。重陽好伴白衣來，五柳先生憶三徑。
還舍作,宋末金初,宇文虛中,燕山歸來頭已白，自笑客中仍作客。此生悲歡不可料，況復吾年過半百。故人驚我酒尚狂，爲洗瓶罍貯春色。酒闌人散月盈庭，靜聽清渠流㶁㶁。
庭下養三鴛鴦忽去不反戲爲作詩,宋末金初,宇文虛中,先生久忘機，爲爾虞矰繳。一朝長羽翮，萬里翔寥廓。誰信惡溝鴟，忽作華表鶴。豈無三玉環，遺音嗣黃雀。
予寫金剛經與王正道正道與朱少章復以詩來輒次二公韻 其一 次正道韻,宋末金初,宇文虛中,平生幸識系珠衣，窮走他鄉未得歸。有客爲傳祗樹法，此心便息漢陰機。百千三昩一門入，四十九年諸事非。寄與香山老居士，要憑二義發餘輝。
予寫金剛經與王正道正道與朱少章復以詩來輒次二公韻 其二 次少章韻,宋末金初,宇文虛中,前世曾爲粥飯僧，此生隨處且騰騰。經中因認人我相，教外都忘大小乘。寫去欲雲居士頌，信來如續祖師燈。他年辱贈茅庵句，誰謂因緣昔未曾。
郊居,宋末金初,宇文虛中,芒屨鬆冠野外裝，茶鐺藥竈靜中忙。含風荇逐波紋展，著雨花連土氣香。停策仰檐朝覓句，披襟穿樹晚追涼。蓬蒿似欲荒三徑，疏懶誰知意更長。
歲寒堂,宋末金初,宇文虛中,洞戶延清吹，庭除貯綠陰。不隨風月媚，肯受雪霜侵。潤入珠泉爽，聲傳玉帳深。主人留勝賞，同此歲寒心。
重陽旅中偶記二十年前二詩因而有作,宋末金初,宇文虛中,舊日重陽厭旅裝，而今身世更悲涼。愁添白髮先春雪，淚著黃花助晚霜。客館病餘紅日短，家山信斷碧雲長。故人不恨村醪薄，乘興能來共一觴。
己丑重陽在劍門梁山鋪,宋末金初,宇文虛中,兩年重九皆羈旅，萬水千山厭遠遊。白酒黃花聊度日，青萍綠綺共忘憂。卻憐風雨梁山路，不似蓴鱸楚澤秋。何必東皋是三徑，此身天地一虛舟。
生日和甫同諸公載酒袖詩爲禮感佩之餘以詩爲謝,宋末金初,宇文虛中,詞人詩句壓離騷，按膝長吟意自豪。袖裏虹蜺衝霽色，筆端風雨駕雲濤。將衰難稱千年祝，增重虛蒙隻字褒。太史已應飛急奏，文星偏傍使星高。
和題稽古軒,宋末金初,宇文虛中,堆架縑緗粲蔀居，眼前長物埽無餘。避囂肯要鄰人卜，論友先尋上世書。汲古不須憂綆短，隨波聊復任舟虛。勿欺文室才容膝，六合神遊有日車。
己酉歲書懷,宋末金初,宇文虛中,去國匆匆遂隔年，公私無益兩茫然。當時議論不能固，今日窮愁何足憐。生死已從前世定，是非留與後人傳。孤臣不爲沈湘恨，悵望三韓別有天。
涇王許以酒餉龍溪老人幾月不至以詩促之,宋末金初,宇文虛中,先生寂莫草玄文，正要侯芭作富鄰。客至但須樽有酒，日高不怕甑生塵。急催嶺外傳梅使，來餉籬邊採菊人。已埽明窗供點筆，爲君擬賦洞庭春。
從人借琴,宋末金初,宇文虛中,嶧陽慣聽鳳雛鳴，瀉出泠然萬籟聲。已厭笙簧非雅曲，幸從炊爨脫餘生。昭文不鼓緣何意，靖節無弦且寄情。乞與南冠囚縶客，爲君一奏變春榮。
過居庸關,宋末金初,宇文虛中,奔峭從天拆，懸流赴壑清。路回穿石細，崖裂與藤爭。花已從南發，人今又北行。節旄都落盡，奔走愧平生。
晚宿耀武關,宋末金初,宇文虛中,山與煙雲暝，溪兼冰雪流。寒枝啼秸鞠，煬室聚咿嚘。此日徵行困，何時喪亂休。尚矜爭席好，無復舊鳴騶。
安定道中,宋末金初,宇文虛中,落日塵埃壯，陰風天地昏。牛羊爭隘道，鳥雀聚空村。跛曳傷行役，光華誤主恩。未甘遲莫景，伏櫪意猶存。
上烏林天使三首 其一,宋末金初,宇文虛中,平生隨牒浪推移，只爲生民不爲私。萬里翠輿猶遠播，一身幽圄敢終辭。魯人除館西河外，漢使驅羊北海湄。不是故人高議切，肯來軍府問鍾儀。
上烏林天使三首 其二,宋末金初,宇文虛中,拭玉轅門吐寸誠，敢將緩頰沮天兵。雷霆儻肯矜彫弊，草芥何須計死生。定鼎未應周命改，登壇合許趙人平。知君妙有經邦策，存取威懷萬世名。
上烏林天使三首 其三,宋末金初,宇文虛中,當時初結兩朝歡，曾見軍前捧血槃。本爲萬年依蔭厚，那知一日遽盟寒。羊牽已作俘囚獻，魚漏終期網罟寬。幸有故人知底蘊，下臣獲考敢謀安。
姑蘇滕惇禮榜所居閣曰齋心成都宇文某作詩以廣其意,宋末金初,宇文虛中,不是憑虛避世喧，此中於物本無緣。靜看畏影徒勞爾，題作齋心亦且然。意識已隨言語斷，生涯聊任歲時遷。老夫亦涉天遊趣，三複南華第四篇。
又和九日,宋末金初,宇文虛中,老畏年光短，愁隨秋色來。一持旌節出，五見菊花開。強忍玄猿淚，聊浮綠蟻杯。不堪南向望，故國又叢臺。
中秋覓酒,宋末金初,宇文虛中,今夜家家月，臨筵照綺樓。那知孤館客，獨抱故鄉愁。感激時難遇，謳吟意未休。應分千斛酒，來洗百年憂。
四序迴文十二首 其一 春,宋末金初,宇文虛中,短草鋪茸綠，殘紅照雪稀。暖輕還錦褥，寒峭怯羅衣。
四序迴文十二首 其二 春,宋末金初,宇文虛中,翠漣冰綻日，香徑晚多花。細筍抽蒲密，長條舞柳斜。
四序迴文十二首 其三 春,宋末金初,宇文虛中,折花幽檻小，傾酒綠杯深。蝶舞輕風曉，鶯啼老樹陰。
四序迴文十二首 其一 夏,宋末金初,宇文虛中,翠密圍窗竹，青圓貼水荷。睡多嫌晝永，醒少得風和。
四序迴文十二首 其二 夏,宋末金初,宇文虛中,草徑迷深綠，蓮池浴膩紅。早蟬鳴樹曲，鮮鯉躍潭東。
四序迴文十二首 其三 夏,宋末金初,宇文虛中,暴雨隨雲驟，驚雷隱地平。好風搖箑透，輕汗挹冰清。
四序迴文十二首 其一 秋,宋末金初,宇文虛中,晚日欣簾捲，涼風覺袂搖。遠吟高興遣，長醉宿愁銷。
四序迴文十二首 其二 秋,宋末金初,宇文虛中,短葦低殘雨，虛舟帶晚潮。斷鴻歸暗浦，疏葉墮寒梢。
四序迴文十二首 其三 秋,宋末金初,宇文虛中,慼慼蛬吟苦，茫茫水驛孤。日銜山色莫，霜帶菊叢枯。
四序迴文十二首 其一 冬,宋末金初,宇文虛中,鶻健呼風急，烏啼促景殘。窟深宜兔蟄，蒲折蔭魚寒。
四序迴文十二首 其二 冬,宋末金初,宇文虛中,裂瓦寒霜重，鋪窗月影清。滅燈驚好夢，孤枕念深情。
四序迴文十二首 其三 冬,宋末金初,宇文虛中,秀柏留陰綠，芳梅蘸影斜。溜檐冰結玉，裝樹雪飛花。
燈碑五首 其一,宋末金初,宇文虛中,清陰靄靄匝城闉，萬井熙熙桃杏春。紫陌傳呼旌旆出，重臣新佩玉麒麟。
燈碑五首 其二,宋末金初,宇文虛中,鈿軸天章拜異恩，驛驂花騎映朝暾。手持禁鑰千門肅，官壓東宮二品尊。
燈碑五首 其三,宋末金初,宇文虛中,壘原清照白登山，彌隴連天麥浪寒。劍戟漸銷農器出，人家只識勸農官。
燈碑五首 其四,宋末金初,宇文虛中,九夏南風入舜琴，恩風澤雨浹飛沈。陪京最是儀形地，先識君王解慍心。
燈碑五首 其五,宋末金初,宇文虛中,枹鼓無聲訟獄空，歡謠擊壤萬家同。時人共解班春意，兵寢刑清第一功。
館中書事,宋末金初,宇文虛中,雨來蒸鬱似江鄉，雨過西風特地涼。尚有庭花共客恨，可無尊酒慰幽芳。
時習齋,宋末金初,宇文虛中,未厭平生習氣濃，更將餘事訓兒童。魯論二萬三千字，悟入從初一句中。
醉經齋,宋末金初,宇文虛中,傍人但笑腹便便，枕藉詩書正晝眠。不識先生真悟處，未離文字已逃禪。
醉墨齋,宋末金初,宇文虛中,旋汲清泉起縠紋，定知婁永是前身。箇中自可逃真性，不用淋漓污葛巾。
烏夜啼,宋末金初,宇文虛中,汝琴莫作歸鳳鳴，汝曲莫裁白鶴怨。明珠破璧掛高城，上有烏啼人不見。堂中蠟炬紅生花，門前紺幰七香車。博山夜長香燼冷，悠悠盪子留倡家。妾機尚餘數梭錦，織恨傳情還未忍。城烏爲我盡情啼，知道單棲淚盈枕。
句,宋末金初,宇文虛中,有人若問南冠客，爲道西山賦蕨薇。
山中見桃花李花,宋末金初,吳激,錦裏春風遍海棠，別時無計奈紅芳。山中桃李渾疑晚，猶有殘紅斷客腸。
長安懷古,宋末金初,吳激,佳氣猶能想鬱蔥，雲間雙闕峙蒼龍。春風十里灞陵樹，曉月一聲長樂鍾。小苑花開紅漠漠，曲江波漲碧溶溶。眼前疊嶂青如畫，借問南山共幾峯。
宿湖城簿廳,宋末金初,吳激,日遲風暖燕飛飛，古柳高槐面翠微。捲上疏簾無一事，滿池春水照薔薇。
窮巷,宋末金初,吳激,窮巷無來轍，貧家有舊醅。窗明憐雪在，睡美覺春回。菜甲方齊拆，梅花亦半開。茅檐鳴好鳥，節物莫相催。
偶成二首 其一,宋末金初,吳激,一番瘦筍羽林槍，鬆架陰陰盡日涼。繞屋雲煙無定態，連山草木有真香。
偶成二首 其二,宋末金初,吳激,蟹湯兔盞鬥旗槍，風雨山中枕簟涼。學道窮年何所得，只工掃地與焚香。
病後寄開甫,宋末金初,吳激,暗蛩咽幽響，隙月漏微光。溪上風雨過，翛然有餘涼。病瘦鶴骨立，低垂不能翔。懷我中山兄，開經焚道香。猿嘯耿清夜，鐘鳴悠夕陽。商秋早晚至，夢寐鬆楸蒼。
過南湖偶成,宋末金初,吳激,杏山鬆檜紫坡陀，湖面無風亦自波。綠鬢朱顏嗟老矣，落花啼鳥奈春何。詩人未必皆憔悴，世事從來有折磨。列坐流觴能幾日，知誰對酒愛新鵝。
夜汎渦河龍潭,宋末金初,吳激,輕舟弄素月，靜夜橫清渦。天風毛髮亂，疏星燦明河。圖經記父老，冥寞年歲多。淵沈三千丈，湛碧寒無波。微流帶文藻，絕岸無柔莎。炯如帝鴻鏡，可鑑不可磨。中蟠至神物，役使羣蛟鼉。蜿蜿頭角古，勁鬣誰敢劘。深宮照珠貝，頗費蚌與螺。何時葛陂竹，化作陶公梭。
秋興,宋末金初,吳激,後園雜樹入雲高，萬里長風夜怒號。憶向錢塘江上寺，鬆窗竹閣瞰秋濤。
歲莫江南四憶 其一,宋末金初,吳激,瘦梅如玉人，一笑江南春。照水影如許，怕寒妝未勻。花中有仙骨，物外見天真。驛使無消息，憶君清淚頻。
歲莫江南四憶 其二,宋末金初,吳激,天南家萬里，江上橘千頭。夢繞閶門迥，霜飛震澤秋。秋深宜映屋，香遠解隨舟。懷袖何時獻，庭闈底處愁。
歲莫江南四憶 其三,宋末金初,吳激,吳淞潮水平，月上小舟橫。旋斫四腮鱠，未輸千里羹。搗齏香不厭，照箸雪無聲。幾見秋風起，空悲白髮生。
歲莫江南四憶 其四,宋末金初,吳激,平生把螯手，遮日負垂竿。浩渺渚田熟，青熒漁火寒。憶看霜菊豔，不放酒杯乾。比老垂涎處，糟臍個個團。
述懷,宋末金初,吳激,旅食空彈鋏，歸休合掛冠。煙塵榆塞遠，風雨麥秋寒。巢燕長如客，鳴蛙不屬官。柴門江漲到，落日下漁竿。
喜晴和張魯瞻,宋末金初,吳激,原野恍新沐，豐隆寧世情。鳥歸林靄暝，樓射澗虹明。春草牛羊遠，人家機杼鳴。慘舒長有命，誰復問陰晴。
國公女生日席上命賦,宋末金初,吳激,雪射瑤階月，春回玉女扉。雲中三秀草，石上六銖衣。酒熟鵝兒色，身輕燕子飛。客槎還汎鬥，誰解卜支機。
秋夜,宋末金初,吳激,豈有涓埃補盛明，強扶衰病廁豪英。夜窗燈火青相對，曉鏡髭鬚白幾莖。年去年來還似夢，江南江北若爲情。石田茅舍君家近，借與林泉送此生。
招趙資深拾遺,宋末金初,吳激,別久貌逾壯，道同心更親。移居近韋杜，相對邈參辰。雪少似饒客，鳥喧知得春。歸期淹幾日，莫厭馬蹄頻。
張戡北騎,宋末金初,吳激,張生鞍馬客幽都，卻笑靈光筆法粗。祗今白首風沙裏，憶向江南見畫圖。
雞林書事,宋末金初,吳激,箕子朝鮮僻，蓬丘弱水寬。儒風通百粵，舊史記三韓。邑聚從衡接，民居質樸安。猶存古籩豆，兼用漢衣冠。兔穎家工縛，鮭腥俗嗜餐。騎兵腰玉具，府衛挾金丸。長袖鳶窺肉，都場狖掛竿。琴中蔡氏弄，指下祝家彈。主禮分庭抗，賓筵百拜難。漬橙粇釀旨，滋桂鹿脩乾。潑墨鬆如櫛，隤牆石似丹。地偏先日出，天迫衆山攢。鵬翼雲帆遠，羊腸石磴盤。由來異文軌，休訝變暄寒。事可資談柄，誰能記筆端。聊將詩貌取，歸作畫圖看。
句 其一,宋末金初,吳激,春風蜀棧青山盡，曉日秦川綠樹平。
句 其二,宋末金初,吳激,煙拂柳梢留淡白，雲蒸山腹出深青。
句 其三,宋末金初,吳激,山侵平野高低樹，水接晴空上下星。
句 其四,宋末金初,吳激,玉座煙霞春寂寂，石壇星斗夜蒼蒼。
句 其五,宋末金初,吳激,手版西山聊復爾，角巾東第定何時。
句 其六,宋末金初,吳激,竹院鳴鐘疑物外，畫橋流水似江南。
句 其七,宋末金初,吳激,數樹殘花喜春在，一聲啼鳥覺山深。
句 其八,宋末金初,吳激,玉雪自知塵不涴，丹青難寫酒微醺。
句 其九,宋末金初,吳激,四海蒼生謝安石，一言宣室賈長沙。
句 其十,宋末金初,吳激,海東絕域皇華使，天上仙官碧落卿。
句 其十一,宋末金初,吳激,江湖攲枕夢，風雪打窗時。
沙邊,宋末金初,張斛,晚雨漲平堤，沙邊獨杖藜。長風催雁北，衆水避潮西。楚客相逢少，吳天入望低。故園無路到，春草自萋萋。
東川春日,宋末金初,張斛,巴蜀三年客，江湖萬里情。滄波何處盡，歸棹幾時行。世態浮雲變，春愁細草生。羣山遮望眼，片月上高城。
巫山對月懷湖外親友,宋末金初,張斛,衆壑斂新雨，孤舟增暮寒。巫山今夜月，湘水幾人看。不得臨湖醉，惟愁下峽難。雙魚憑寄遠，尺素勸加餐。
武陵春雪,宋末金初,張斛,天風吹雪滿千山，不見桃花汎碧瀾。洞裏仙人貪種玉，豈知人世有春寒。
高寺,宋末金初,張斛,高寺鳴鐘後，孤舟落雁邊。已知歸徑晚，故就上方眠。石峻溜聲急，月高鬆影圓。明朝下煙靄，回首阻清川。
寓中江縣樓,宋末金初,張斛,武江斜轉石，文岫獨參天。綠漲他山雨，青浮近市煙。鬆薪炊白粲，水蔓系紅鮮。自喜飄蓬跡，安居過兩年。
迴文二首 其一,宋末金初,張斛,野曠悲行客，湍驚礙去船。夜江清汎月，秋草碧連天。
迴文二首 其二,宋末金初,張斛,綠徑斜縈草，紅梢半落花。曲池風碎月，攲岸雨摧沙。
仙門驛聽泉,宋末金初,張斛,一亭圍古木，雙澗瀉清流。行到雲山暮，臥聞風雨秋。客塵何日浣，病渴此時瘳。歸去南溪上，輕舟細浪浮。
夜雨南山,宋末金初,張斛,雨夜宿山齋，夜深雨聲息。石室含餘清，風枝墮殘滴。
平安關道中二首 其一,宋末金初,張斛,高林俯青冥，柯葉森若織。陽光已轉午，陰嶺仍半黑。崢嶸亂石間，行子有苦色。臨深地勢入，涉險天宇塞。四顧無所投，跡繭去未息。悵然增百憂，冥冥羨歸翼。
平安關道中二首 其二,宋末金初,張斛,窮冬十日陰，積雪千山路。晴雲開半嶺，落日猶在樹。悠悠客心速，慘慘天色暮。寒鳥各有依，解鞍尚無處。游魚誤銜鉤，玄豹終隱霧。行行謝冠冕，復我林壑趣。
還家,宋末金初,張斛,雲林無俗姿，相對可終老。如何塵中人，不見青山好。
訪香林老,宋末金初,張斛,風雨無時浪蹴天，南浮舟楫信多艱。半生夢破寒江月，萬里春回故國山。歸客自傷青鬢改，高僧長共白雲閒。誅茅借我溪西地，未厭相從水石間。
小孤山,宋末金初,張斛,天圍秋漲闊，山背夕陽孤。岸樹晴猶溼，汀煙近卻無。
句 其一,宋末金初,張斛,雲開千里月，風動一天星。
句 其二,宋末金初,張斛,細草沙邊樹，疏煙嶺外村。
句 其三,宋末金初,張斛,綠漲他山雨，青浮近市煙。
句 其四,宋末金初,張斛,月色四時好，人心此夜偏。
句 其五,宋末金初,張斛,春水有秀色，野雲無俗姿。
句 其六,宋末金初,張斛,晴光搖碧海，遠色帶滄洲。
句 其七,宋末金初,張斛,雨聲喧莫島，水色借秋空。
句 其八,宋末金初,張斛,碣石晚風催雁急，昭祁寒漲與雲平。
至黃州吊東坡,宋末金初,施宜生,文星落處天應泣，此老已知吾道窮。事業謾誇生仲達，功名猶忌死姚崇。
雜詩二首 其二,宋末金初,王予可,暗悲秋色素團團，一雨飄零飆霽寒。天淨長空煙斂處，彩虹金掛樹頭山。
句 其四,宋末金初,王予可,萬疊雲山飛小雁。
雜詩二首,宋末金初,王予可,白露沙灘浸綠湄，小舟艤岸尚依稀。山回屏曲江連樹，春鎖人家深處歸。暗悲秋色素團團，一雨飄零飆霽寒。天淨長空煙斂處，彩虹金掛樹頭山。
宮體,宋末金初,王予可,紅葉鋪霜撼御階，繡蓮塵蹴襯羅鞋。袖沾鶯翅調簧語，墮卻銜翹入鬢釵。驕馬金籠藉草歸，翠鸞屏曲染紅霏。憑欄山色春風裏，喚得鶯兒燕子飛。
句,宋末金初,王予可,石裂雯華漬月秋。壺樹苔波月漬皴。一壺天地醒眠小。萬疊雲山飛小雁。風色偃貂裘。唾尖絨舌淡紅甜。金盆水不暖，翠雀啄晴苔。鳳蹴瑤華散，龍銜桂子香。一片冷截潭底月，六彎斜卷隴頭雲。簾捲綠陰花外月，玉山冰雪醉扶翁。啼鳥倒銜金羽舞，驚蛇斜傍玉簾飛。鳳環捧席帶香屏，鯨杯倚伎和雲捲。
順安辭呈趙使君二首,宋末金初,劉著,太平時世屢豐年，勝事空聞父老傳。郭外桑麻知幾頃，船頭魚蟹不論錢。六朝興廢渡河年，舊國歸來更黯然。八月邊城山未雪，蘆花籍藉已漫天。
閨情二絕,宋末金初,劉著,天邊北斗又回春，愁絕龍沙任酒醺。萬里巫山歸夢斷，不知何處覓行雲。蕙帳金爐冷篆煙，故山春草幾芊芊。只今唯有瀟湘月，萬里相隨照不眠。
伯堅惠新茶綠橘香味鬱然便如一到江湖之上戲作小詩二首,宋末金初,劉著,建溪玉餅號無雙，雙井爲奴日鑄降。忽聽松風翻蟹眼，卻疑春雪落寒江。黃苞猶帶洞庭霜，翠袖傳看綠葉香。何待封題三百顆，只今詩思滿江鄉。
雜詩六首,宋末金初,劉豫,竹塢人家瀕小溪，數枝紅杏出疏籬。門前山色帶煙重，幽鳥一聲春日遲。風荷柄柄弄清香，輕薄沙禽落又翔。紅日轉西漁艇散，一川山影暮天涼。古渡停驂日向沈，淒涼歸思梗清吟。碧山幾點塞天闊，紅葉一林秋意深。倚巖蕭寺據危崖，丈室軒窗面水開。雪霽暮寒山月上，數竿修竹一枝梅。晝色晴明著色圖，山光凝翠接平湖。煙嵐自古人難畫，遠即深深近卻無。寒林煙重暝棲鴉，遠寺疏鍾送落霞。無限嶺雲遮不斷，數聲和月到山家。
和高子文秋興二首,宋末金初,宇文虛中,沙碧平猶漲，霜紅粉已多。駒年驚過隙，鳧影倦隨波。散步雙扶老，棲身一養和。羞看使者節，甘荷牧人蓑。搖落山城莫，棲遲客館幽。葵衰前日雨，菊老異鄉秋。自信浮沈數，仍懷顧望愁。蜀江歸棹在，浩蕩逐春鷗。
虜中作三首,宋末金初,宇文虛中,滿腹詩書漫古今，頻年流落易傷心。南冠終日囚車府，北雁何時到上林。開口摧頹空抱璞，脅肩奔走尚腰金。莫邪利劍今安在，不斬奸邪恨最深。遙夜沈沈滿幕霜，有時歸夢到家鄉。傳聞已筑西河館，自許能肥北海羊。回首兩朝俱草莽，馳心萬里絕農桑。人生一死渾閒事，裂眥穿胸不汝忘。不堪垂老尚蹉跎，有口無辭可奈何。強食小兒猶解事，學妝嬌女最憐他。故衾愧見沾秋雨，短褐寧忘拆海波。倚仗循環如可待，未愁來日苦無多。
予寫金剛經與王正道正道與朱少章復以詩來輒次二公韻 次正道韻,宋末金初,宇文虛中,平生幸識系珠衣，窮走他鄉未得歸。有客爲傳祗樹法，此心便息漢陰機。百千三昩一門入，四十九年諸事非。寄與香山老居士，要憑二義發餘輝。前世曾爲粥飯僧，此生隨處且騰騰。經中因認人我相，教外都忘大小乘。寫去欲雲居士頌，信來如續祖師燈。他年辱贈茅庵句，誰謂因緣昔未曾。
上烏林天使三首,宋末金初,宇文虛中,平生隨牒浪推移，只爲生民不爲私。萬里翠輿猶遠播，一身幽圄敢終辭。魯人除館西河外，漢使驅羊北海湄。不是故人高議切，肯來軍府問鍾儀。拭玉轅門吐寸誠，敢將緩頰沮天兵。雷霆儻肯矜彫弊，草芥何須計死生。定鼎未應周命改，登壇合許趙人平。知君妙有經邦策，存取威懷萬世名。當時初結兩朝歡，曾見軍前捧血槃。本爲萬年依蔭厚，那知一日遽盟寒。羊牽已作俘囚獻，魚漏終期網罟寬。幸有故人知底蘊，下臣獲考敢謀安。
四序迴文十二首 春,宋末金初,宇文虛中,短草鋪茸綠，殘紅照雪稀。暖輕還錦褥，寒峭怯羅衣。翠漣冰綻日，香徑晚多花。細筍抽蒲密，長條舞柳斜。折花幽檻小，傾酒綠杯深。蝶舞輕風曉，鶯啼老樹陰。
四序迴文十二首 夏,宋末金初,宇文虛中,翠密圍窗竹，青圓貼水荷。睡多嫌晝永，醒少得風和。草徑迷深綠，蓮池浴膩紅。早蟬鳴樹曲，鮮鯉躍潭東。暴雨隨雲驟，驚雷隱地平。好風搖箑透，輕汗挹冰清。
四序迴文十二首 秋,宋末金初,宇文虛中,晚日欣簾捲，涼風覺袂搖。遠吟高興遣，長醉宿愁銷。短葦低殘雨，虛舟帶晚潮。斷鴻歸暗浦，疏葉墮寒梢。慼慼蛬吟苦，茫茫水驛孤。日銜山色莫，霜帶菊叢枯。
四序迴文十二首 冬,宋末金初,宇文虛中,鶻健呼風急，烏啼促景殘。窟深宜兔蟄，蒲折蔭魚寒。裂瓦寒霜重，鋪窗月影清。滅燈驚好夢，孤枕念深情。秀柏留陰綠，芳梅蘸影斜。溜檐冰結玉，裝樹雪飛花。
燈碑五首,宋末金初,宇文虛中,清陰靄靄匝城闉，萬井熙熙桃杏春。紫陌傳呼旌旆出，重臣新佩玉麒麟。鈿軸天章拜異恩，驛驂花騎映朝暾。手持禁鑰千門肅，官壓東宮二品尊。壘原清照白登山，彌隴連天麥浪寒。劍戟漸銷農器出，人家只識勸農官。九夏南風入舜琴，恩風澤雨浹飛沈。陪京最是儀形地，先識君王解慍心。枹鼓無聲訟獄空，歡謠擊壤萬家同。時人共解班春意，兵寢刑清第一功。
挽張叔夜二首,宋末金初,張孝純,疇昔中朝士，簪紳仰令名。恩威彰輔郡，忠孝衛都城。許國志何壯，爲山功莫成。西風故林道，蕭瑟感秋聲。季世遭奇禍，煩冤痛可論。交情傷死別，親屬慟遺言。空想還家夢，難招去國魂。一朝成萬古，斜日下平原。
歲莫江南四憶,宋末金初,吳激,瘦梅如玉人，一笑江南春。照水影如許，怕寒妝未勻。花中有仙骨，物外見天真。驛使無消息，憶君清淚頻。天南家萬里，江上橘千頭。夢繞閶門迥，霜飛震澤秋。秋深宜映屋，香遠解隨舟。懷袖何時獻，庭闈底處愁。吳淞潮水平，月上小舟橫。旋斫四腮鱠，未輸千里羹。搗齏香不厭，照箸雪無聲。幾見秋風起，空悲白髮生。平生把螯手，遮日負垂竿。浩渺渚田熟，青熒漁火寒。憶看霜菊豔，不放酒杯乾。比老垂涎處，糟臍個個團。
偶成二首,宋末金初,吳激,一番瘦筍羽林槍，鬆架陰陰盡日涼。繞屋雲煙無定態，連山草木有真香。蟹湯兔盞鬥旗槍，風雨山中枕簟涼。學道窮年何所得，只工掃地與焚香。
句,宋末金初,吳激,春風蜀棧青山盡，曉日秦川綠樹平。煙拂柳梢留淡白，雲蒸山腹出深青。山侵平野高低樹，水接晴空上下星。玉座煙霞春寂寂，石壇星斗夜蒼蒼。手版西山聊復爾，角巾東第定何時。竹院鳴鐘疑物外，畫橋流水似江南。數樹殘花喜春在，一聲啼鳥覺山深。玉雪自知塵不涴，丹青難寫酒微醺。四海蒼生謝安石，一言宣室賈長沙。海東絕域皇華使，天上仙官碧落卿。江湖攲枕夢，風雪打窗時。
迴文二首,宋末金初,張斛,野曠悲行客，湍驚礙去船。夜江清汎月，秋草碧連天。綠徑斜縈草，紅梢半落花。曲池風碎月，攲岸雨摧沙。
平安關道中二首,宋末金初,張斛,高林俯青冥，柯葉森若織。陽光已轉午，陰嶺仍半黑。崢嶸亂石間，行子有苦色。臨深地勢入，涉險天宇塞。四顧無所投，跡繭去未息。悵然增百憂，冥冥羨歸翼。窮冬十日陰，積雪千山路。晴雲開半嶺，落日猶在樹。悠悠客心速，慘慘天色暮。寒鳥各有依，解鞍尚無處。游魚誤銜鉤，玄豹終隱霧。行行謝冠冕，復我林壑趣。
句,宋末金初,張斛,雲開千里月，風動一天星。細草沙邊樹，疏煙嶺外村。綠漲他山雨，青浮近市煙。月色四時好，人心此夜偏。春水有秀色，野雲無俗姿。晴光搖碧海，遠色帶滄洲。雨聲喧莫島，水色借秋空。碣石晚風催雁急，昭祁寒漲與雲平。
社日,宋末金初,施宜生,濁澗回湍激，青煙弄晚暉。緣隨春酒熟，分與故山違。社鼓喧林莽，孤城隱翠微。山花羞未發，燕子喜先歸。割少詼諧語，分均宰制功。靈祇依古樹，醉叟泥村童。萬里開耕稼，三時順雨風。行春從此樂，著意酒杯中。
句,宋末金初,施宜生,只因未有良媒在，直到如今萬萬秋。朱門處處臨官道，流水年年繞禁宮。臨池翕忽雲霧集，舞劍浩蕩波濤翻。
